POI,Participants,Money,Date,Country,lat,lng
Hospital,13,$93200.46,7/20/2019,United States,30.21,-97.8
School,7,$92390.10,5/17/2019,Canada,45.41675,-71.6324
Bank,4,$83014.17,10/13/2019,Portugal,38.6037983,-9.1672878
Hospital,3,$95999.21,3/16/2019,Brazil,-29.7549941,-51.150283
Bank,22,$30056.53,1/18/2019,France,48.250574,-1.5029858
Bank,11,$34221.29,5/30/2019,France,49.2937975,3.7636128
Bank,18,$29597.62,5/21/2019,Vietnam,9.5713437,105.4495395
Bar,8,$21162.33,10/30/2019,Honduras,13.1680197,-87.3872748
Grocery Store,21,$55304.65,11/8/2019,Austria,48.4508261,14.0838042
Hospital,27,$67430.37,5/31/2019,Indonesia,-6.4871369,106.8007712
Grocery Store,7,$69717.34,9/30/2019,Philippines,6.4791846,124.6644348
Hospital,17,$50041.55,5/6/2019,Philippines,10.3492919,123.9133184
Gas Station,12,$4678.73,6/6/2019,Indonesia,-7.4619612,107.8968943
Hotel,12,$41524.28,2/14/2019,Sweden,57.8644157,13.4263048
Bank,7,$12747.38,12/13/2019,United States,32.9901414,-96.8027198
Bank,16,$93970.40,7/19/2019,Philippines,16.959,120.7469
School,6,$44913.48,4/29/2019,Portugal,40.0341373,-8.41643
Bar,4,$59355.78,9/21/2019,Nigeria,13.1353074,10.0499523
Hotel,5,$98567.20,9/8/2019,Lithuania,55.5945618,26.4507193
Hospital,28,$29625.92,1/9/2019,Sri Lanka,6.009544,80.780153
Grocery Store,16,$71261.22,3/15/2019,United States,38.7470186,-90.2526163
Restaurant,19,$92735.71,8/12/2019,United States,33.7200336,-84.5851994
Grocery Store,24,$28780.28,11/2/2019,China,22.940196,113.943916
Bar,20,$38909.90,6/6/2019,Philippines,7.3832138,122.804355
Hotel,4,$64412.36,4/17/2019,Philippines,17.5358596,121.6851715
Hospital,28,$44130.03,4/11/2019,China,44.6441724,-63.6010175
Grocery Store,25,$44574.45,4/23/2019,East Timor,-8.613782,125.2052299
Restaurant,7,$43041.92,7/1/2019,Sweden,59.3938804,15.8607653
Hospital,3,$36478.90,9/20/2019,Sweden,57.7197857,12.933356
Restaurant,27,$65598.61,8/12/2019,Mexico,19.3579802,-99.0806088
Bar,25,$17259.49,1/4/2019,Czech Republic,49.9940366,14.859224
Bar,27,$36995.58,7/24/2019,Indonesia,-7.2634241,109.399141
Restaurant,20,$81822.23,7/9/2019,France,45.130018,3.562575
Grocery Store,20,$27097.83,12/1/2019,Portugal,39.7191273,-8.852352
Grocery Store,6,$74846.16,10/28/2019,Czech Republic,50.5372159,15.2311161
Restaurant,15,$74629.57,9/12/2019,China,25.526437,111.600795
Bar,22,$21308.32,12/15/2019,Indonesia,-7.2635671,112.7345789
Hotel,28,$93756.74,3/16/2019,Brazil,-29.2231867,-51.3423619
School,5,$51783.75,7/9/2019,Israel,31.8123014,34.7770192
Hospital,23,$20083.76,3/16/2019,Indonesia,-6.1078857,106.7791791
Bank,14,$27399.03,6/30/2019,United States,37.9416306,-77.3484049
Bar,29,$87544.76,9/24/2019,China,31.686188,104.969819
Hotel,23,$62879.37,9/30/2019,Angola,-9.2993916,14.9096846
Hotel,16,$94072.24,2/7/2019,France,43.4945737,5.8978018
Gas Station,6,$46590.99,11/7/2019,China,24.3653152,109.5235215
Bank,14,$8325.78,8/17/2019,Indonesia,-9.6239,124.0019
Hotel,25,$6946.99,5/31/2019,China,23.701262,117.430061
School,30,$85759.34,11/14/2019,Poland,50.4936201,18.9603307
Restaurant,10,$2201.40,4/5/2019,Greece,37.3129763,26.5468773
Bar,2,$37128.91,1/27/2019,Bolivia,-16.20274,-68.693687
Gas Station,24,$12775.38,2/13/2019,Philippines,7.897581,123.768678
School,25,$7654.64,3/5/2019,Greece,39.2303755,26.2174959
Hotel,26,$92817.68,3/25/2019,France,48.7663087,2.4119232
Gas Station,30,$61921.60,11/18/2019,Indonesia,-8.7367925,116.4872482
Bar,29,$9084.59,4/18/2019,Czech Republic,49.374032,15.7019393
Hospital,16,$94265.97,12/3/2019,Norway,59.2254827,9.5589227
Restaurant,16,$9614.64,10/3/2019,Ukraine,50.239411,30.5455655
Gas Station,12,$46514.70,9/18/2019,Belarus,53.6091856,31.9594674
Bar,14,$41443.19,10/14/2019,Poland,49.9521852,18.4800457
Restaurant,27,$86552.52,9/8/2019,France,45.7417486,4.8867899
Bar,15,$12811.21,7/6/2019,Poland,49.7549498,21.8253619
School,8,$89664.39,1/4/2019,Lithuania,54.51667,24.83333
Gas Station,26,$65885.94,3/8/2019,Poland,53.175543,21.296838
Gas Station,1,$20257.41,11/14/2019,Madagascar,-18.9549753,49.1082407
Gas Station,6,$6634.02,7/19/2019,Philippines,9.2901323,123.247589
Grocery Store,19,$23905.03,10/7/2019,Lithuania,55.8884553,21.2431408
Hospital,30,$38697.78,3/23/2019,Mongolia,47.78333,112.11667
Bank,9,$33956.09,3/23/2019,China,34.534829,109.088297
Bar,17,$94764.80,7/28/2019,Syria,36.0558208,40.731064
Grocery Store,12,$23627.84,2/18/2019,China,26.681361,107.768069
Grocery Store,8,$38825.12,4/7/2019,Greece,37.6351721,22.7288576
Gas Station,25,$83144.92,10/17/2019,Indonesia,-8.0088871,111.9030636
Gas Station,17,$71509.70,4/11/2019,Brazil,-16.7073638,-47.5275422
Restaurant,20,$19717.43,7/27/2019,Mauritania,16.1535575,-13.5032081
Hotel,17,$81775.12,1/15/2019,China,33.347316,120.16366
Grocery Store,30,$19450.28,12/1/2019,Brazil,-19.9030544,-44.1170051
Bank,24,$33977.50,1/15/2019,Yemen,13.8138823,44.161347
School,9,$10418.27,8/21/2019,Pakistan,25.4105868,68.418057
Bar,5,$44662.43,10/25/2019,Belarus,52.5645365,30.8769586
Hotel,1,$68993.48,2/20/2019,France,47.772714,-1.813332
Bar,26,$76476.90,5/8/2019,Russia,48.2751888,40.1995439
School,21,$91746.32,6/6/2019,Poland,52.1412597,20.8418962
Hospital,25,$83416.00,1/22/2019,Ireland,53.32112,-6.2398782
Bank,19,$55609.89,6/19/2019,China,26.647661,106.630153
Bar,12,$14249.24,9/1/2019,Kazakhstan,49.4580118,57.4206897
Restaurant,4,$56159.98,11/6/2019,Nigeria,6.5959532,3.5033042
School,17,$55305.33,6/20/2019,Andorra,42.5666535,1.5994581
Hotel,14,$7359.56,11/25/2019,China,30.93908,113.733313
Restaurant,15,$27961.90,5/5/2019,Ukraine,45.0274234,35.0863723
Grocery Store,22,$50292.66,6/5/2019,Sudan,14.024307,35.3685679
Hotel,13,$84753.98,3/23/2019,Philippines,15.7924989,120.988562
Hotel,18,$76139.88,8/29/2019,Indonesia,-6.9203,113.4257
Gas Station,30,$35825.41,5/11/2019,Portugal,38.579965,-28.618829
Bar,23,$46669.38,4/22/2019,Indonesia,-6.9736661,110.4180162
Hotel,29,$66337.07,10/14/2019,Portugal,39.7546452,-8.5234076
Hotel,28,$20754.10,9/19/2019,Japan,35.7390788,140.3438019
Gas Station,13,$89491.39,7/3/2019,Brazil,-5.7966464,-35.2370177
Hotel,11,$46420.94,9/28/2019,France,44.7352635,4.5991033
Bar,10,$15416.78,1/23/2019,Bangladesh,22.1960179,92.2947639
School,28,$24994.45,9/3/2019,China,47.182723,123.00932
Gas Station,22,$62305.00,5/7/2019,Vietnam,22.6308357,104.9564084
Hospital,15,$34107.00,3/13/2019,South Korea,34.5732516,126.5989274
Gas Station,7,$94375.33,1/27/2019,China,34.2582539,117.1884772
Gas Station,29,$50127.75,4/6/2019,China,25.526986,112.615815
Hospital,3,$77728.06,11/17/2019,China,22.385929,111.688745
Restaurant,21,$23475.73,9/24/2019,China,41.149869,114.722326
Bank,9,$60474.16,9/25/2019,Sweden,59.4527156,18.091186
Hotel,8,$23399.62,9/21/2019,Indonesia,-7.4011226,111.5110576
Grocery Store,19,$8924.52,7/30/2019,Indonesia,-8.2012757,112.1012912
Gas Station,19,$75547.05,12/4/2019,Russia,52.5666667,78.9472223
Gas Station,2,$60054.93,2/20/2019,Thailand,6.647477,101.2353772
School,27,$49077.16,8/2/2019,Palestinian Territory,31.607383,35.03913
Bar,27,$16497.63,12/10/2019,Hungary,47.5202786,17.5142121
Hospital,3,$31416.85,2/21/2019,Albania,42.0692985,19.5032559
Gas Station,16,$94024.22,2/12/2019,Malawi,-15.3765857,35.3356518
Hospital,29,$53468.45,2/23/2019,China,39.903307,116.649432
Hotel,14,$3655.91,3/27/2019,Sweden,63.0074575,16.6640489
Restaurant,29,$66247.01,12/13/2019,Bolivia,-9.718793,-65.395393
Bar,14,$39743.39,7/9/2019,Guyana,43.6422125,-79.3744257
Bank,25,$23863.15,3/22/2019,Belarus,52.3506,31.1121
Bar,5,$60627.59,6/13/2019,Indonesia,-6.939897,106.9506175
Gas Station,7,$63868.56,8/26/2019,Poland,53.5659675,15.28454
Grocery Store,1,$13895.68,1/2/2019,Canada,60.7610412,-135.1742264
Bank,15,$68032.85,11/21/2019,China,32.97771,98.09795
Restaurant,30,$93077.61,5/20/2019,Philippines,7.7299001,125.1001641
Bank,13,$40666.21,5/26/2019,China,39.538047,116.683752
School,23,$16899.40,5/10/2019,Indonesia,-6.612633,111.0631793
Bank,27,$84702.51,6/19/2019,Guatemala,14.6214687,-90.8066537
Hospital,26,$69113.30,8/2/2019,Indonesia,-7.2914614,112.6109257
Hotel,4,$69395.62,9/24/2019,Cameroon,7.0513571,14.4344853
Gas Station,2,$70264.50,9/24/2019,China,39.726929,116.341395
Hospital,3,$24247.23,3/15/2019,Mali,14.4874284,-4.1974627
Bar,29,$63263.91,10/24/2019,Indonesia,-9.38948,119.75371
Grocery Store,20,$38910.73,8/27/2019,Liberia,5.0153677,-9.0377612
Hospital,8,$13635.63,5/13/2019,Dominican Republic,18.9331158,-70.4059336
Hospital,15,$3174.50,4/24/2019,Albania,39.7271767,20.0598549
Gas Station,2,$15546.82,4/28/2019,Colombia,3.2572094,-77.2864879
Hospital,27,$30837.89,1/2/2019,Brazil,-22.9304477,-47.0897445
Hospital,12,$99534.00,11/18/2019,China,30.135462,113.184645
Grocery Store,30,$27122.47,5/16/2019,China,30.940195,118.75868
Bar,5,$90357.52,1/31/2019,China,31.223427,121.455964
Grocery Store,26,$57561.56,6/18/2019,China,28.420801,120.075461
Restaurant,22,$62387.90,11/7/2019,Syria,33.3585811,36.2264681
Restaurant,7,$4282.35,2/12/2019,Indonesia,-6.7332152,111.1950767
School,3,$27602.98,7/14/2019,Iran,38.4244545,48.4782419
Grocery Store,23,$70988.22,9/8/2019,Indonesia,-8.7261,116.4644
Restaurant,4,$57842.24,6/11/2019,United States,32.7495898,-117.1046198
Grocery Store,11,$98761.62,5/3/2019,Canada,46.0382659,-72.0118164
Grocery Store,29,$50841.39,11/19/2019,Morocco,32.901093,-6.7761686
Gas Station,22,$33797.06,1/9/2019,Sweden,59.2691081,17.8651957
Restaurant,18,$34524.89,2/12/2019,China,22.251924,112.794065
Bar,28,$99763.66,5/15/2019,Indonesia,3.9967196,97.3416152
Restaurant,20,$61658.75,1/9/2019,Egypt,31.2000924,29.9187387
Bank,8,$67190.65,8/11/2019,China,26.694208,115.939083
Hospital,29,$99673.08,11/25/2019,Mongolia,49.0757178,107.0295809
Bar,24,$23546.36,12/19/2019,China,22.358169,113.440958
Hospital,9,$62298.04,6/26/2019,China,33.467588,104.285114
Restaurant,8,$12236.97,1/8/2019,Poland,52.1741837,22.9436435
School,22,$62072.70,1/22/2019,China,30.661419,116.244678
Hotel,25,$81111.85,1/7/2019,Syria,35.12751,36.21444
Bank,8,$36740.79,8/4/2019,Brazil,-12.5896471,-43.0971625
Hotel,5,$98197.14,12/22/2019,China,30.2427011,120.1502699
Grocery Store,10,$85907.86,2/6/2019,Slovenia,46.8289256,16.3268491
Bank,18,$5077.10,1/21/2019,Philippines,7.2772133,124.4239533
Restaurant,1,$40253.05,10/31/2019,Serbia,45.0575208,20.1945283
Hospital,3,$57519.28,7/27/2019,Colombia,5.8765279,-73.0287209
Bank,27,$71448.92,4/7/2019,Czech Republic,49.6579309,18.7059561
Restaurant,5,$15345.67,7/26/2019,Moldova,46.62222,29.91333
School,12,$86214.38,11/13/2019,Philippines,13.059287,121.411664
Bank,22,$29701.10,11/14/2019,China,28.650072,121.261886
Restaurant,10,$19787.11,5/23/2019,Armenia,40.2928735,44.3505077
Bank,9,$78445.64,9/20/2019,Brazil,-7.0787824,-35.5876697
School,9,$59343.07,5/25/2019,Syria,34.8422936,36.7307641
Gas Station,6,$25741.19,10/12/2019,China,34.329605,108.708991
Bank,28,$15762.85,3/21/2019,Liberia,8.4201951,-9.7539282
Hospital,15,$74553.01,9/23/2019,Finland,63.6939838,22.7427761
Gas Station,3,$1842.95,7/18/2019,Brazil,-10.5224941,-36.6525696
Hospital,15,$21471.82,6/26/2019,Venezuela,9.3887516,-67.0613528
Restaurant,6,$20378.38,1/8/2019,Indonesia,-6.3874037,106.8620891
Bar,14,$10622.93,2/8/2019,Botswana,-24.42787,26.023656
Bar,1,$84482.23,7/1/2019,Bosnia and Herzegovina,44.666926,19.2469148
Gas Station,10,$24273.95,7/16/2019,France,47.8417718,-0.3419882
Hotel,10,$17710.81,1/16/2019,Indonesia,-5.7577862,105.6984455
Restaurant,17,$22948.11,5/18/2019,Dominica,15.38447,-61.344385
Hospital,12,$34306.25,10/9/2019,Mexico,17.9567646,-102.1943485
Hospital,15,$83197.01,1/30/2019,Sweden,59.362551,18.0343914
Grocery Store,9,$19822.98,9/28/2019,Russia,53.0641593,38.0521393
Bank,15,$37388.06,10/2/2019,Indonesia,-7.7830972,112.3188749
Gas Station,24,$85022.87,3/12/2019,United States,41.56,-73.05
Hospital,19,$62802.03,1/30/2019,Indonesia,-8.255,116.2591
Restaurant,23,$74645.71,5/26/2019,Portugal,39.2298803,-8.6901131
Hospital,5,$73936.63,11/2/2019,Germany,48.1214727,11.5322563
Bank,9,$85999.48,4/22/2019,China,35.3158333,80.9158333
Hospital,8,$72976.34,5/27/2019,Tanzania,-2.164898,31.5370003
Restaurant,28,$43055.65,8/26/2019,Hungary,47.4115468,18.880086
Bank,5,$94737.28,9/17/2019,Armenia,40.8318278,44.2797884
School,26,$50676.72,8/26/2019,South Korea,35.0160601,126.7107572
Hotel,29,$41138.67,4/6/2019,Peru,-13.6808577,-76.1580852
Hotel,21,$79258.80,9/18/2019,Indonesia,-6.9424923,111.5200007
Gas Station,17,$40514.22,8/18/2019,China,30.334768,106.93038
Restaurant,15,$11447.51,8/27/2019,Czech Republic,49.3883262,17.0710865
Gas Station,20,$36481.30,12/23/2019,China,22.512308,110.079171
Restaurant,25,$45794.33,5/30/2019,Japan,37.8909637,139.3167305
Bar,19,$40485.89,2/27/2019,Palestinian Territory,32.1426,35.28774
Hospital,16,$13022.47,9/4/2019,Madagascar,-20.6,48.33333
Restaurant,9,$69640.72,7/11/2019,Canada,48.5051169,-72.2292881
Bar,12,$1865.98,12/27/2019,Malaysia,6.1097207,102.2462087
Gas Station,26,$52982.71,1/4/2019,Indonesia,-6.9379894,107.5740101
Gas Station,14,$10964.30,2/6/2019,Ireland,53.2780047,-6.1072403
Hotel,11,$49027.83,7/14/2019,Philippines,11.5000501,123.0503762
Grocery Store,1,$78133.43,1/21/2019,Russia,56.1244362,93.3598524
Grocery Store,6,$57292.06,3/19/2019,Canada,45.7249153,-73.4913241
Bank,12,$92448.66,1/5/2019,Poland,54.652617,18.4293828
Hospital,13,$58852.05,9/5/2019,China,30.501816,110.738098
Grocery Store,29,$25049.17,1/21/2019,New Zealand,-39.644114,176.7958307
Bar,19,$28075.71,11/2/2019,Colombia,2.2763077,-78.5887951
Gas Station,4,$44751.02,10/21/2019,China,28.429025,109.500848
Hospital,19,$30555.46,10/8/2019,Uruguay,-33.5339107,-58.2177722
Restaurant,4,$45143.12,6/14/2019,French Polynesia,-23.119901,-134.9702654
Hotel,16,$73269.52,1/5/2019,Philippines,9.9578348,124.1789637
Bank,21,$13797.12,2/22/2019,Cameroon,6.5163966,14.2919273
Restaurant,16,$49877.78,5/5/2019,China,41.468342,115.437602
Hotel,28,$17130.11,8/14/2019,Canada,45.3151096,-72.661835
Hotel,27,$6690.43,1/7/2019,France,46.6121379,0.3379133
Bar,25,$577.15,6/29/2019,Russia,52.53255,103.8923786
Restaurant,22,$9924.47,1/14/2019,Poland,50.1344867,18.6793794
Gas Station,10,$29613.72,12/3/2019,Brazil,-22.3880391,-44.9669685
School,4,$76657.11,8/25/2019,Indonesia,-6.7338751,111.3471022
School,12,$71017.85,5/29/2019,Ukraine,45.7327203,28.8115769
Restaurant,29,$15782.07,8/18/2019,Croatia,44.1509604,15.5846313
School,10,$73402.60,7/28/2019,China,43.236229,94.324152
Restaurant,3,$59309.18,12/12/2019,China,24.094765,116.00509
Bank,26,$11944.01,1/4/2019,China,39.3433574,117.3616476
Gas Station,12,$75735.97,5/5/2019,China,32.748143,111.183426
Grocery Store,16,$62204.94,11/6/2019,Turkmenistan,41.8639083,59.6326482
Gas Station,7,$34072.06,5/28/2019,Canada,54.7769326,-101.8448368
Bar,9,$81016.73,11/18/2019,Greece,35.2086503,26.1052329
Gas Station,29,$8882.98,3/17/2019,United Kingdom,51.1372058,1.2986666
Hotel,23,$57232.56,4/22/2019,Trinidad and Tobago,11.1869803,-60.7301511
Grocery Store,15,$69313.96,7/1/2019,Ukraine,50.5837638,34.4904643
Restaurant,4,$62378.79,2/12/2019,China,31.982751,120.277138
School,1,$47700.69,7/6/2019,Indonesia,-7.0071351,105.5532993
Restaurant,18,$76829.82,9/8/2019,Tanzania,-8.9,34.583333
Restaurant,5,$97037.61,1/11/2019,Indonesia,-8.2631,113.8575
Hotel,3,$33026.23,6/29/2019,China,26.663449,105.770542
Gas Station,13,$79798.20,9/2/2019,Japan,35.4035493,140.3449585
Bank,7,$54186.51,4/4/2019,United States,38.9475624,-77.3295728
Hospital,25,$41467.03,10/3/2019,Philippines,14.347522,120.9245309
Hospital,2,$56408.59,11/25/2019,Peru,-11.1863289,-76.6481299
Restaurant,6,$92507.48,6/27/2019,Greece,40.83,21.581667
Grocery Store,5,$47594.09,12/25/2019,Indonesia,-8.3031696,112.1132142
Bank,17,$83480.49,11/17/2019,Denmark,55.6649287,12.5504728
Bank,3,$70379.44,12/15/2019,Bulgaria,42.1309737,24.9390156
Hotel,9,$97289.68,12/19/2019,China,38.062428,114.645657
Hospital,10,$29264.96,3/4/2019,Indonesia,-9.6936,119.4562
Bar,25,$33040.52,8/27/2019,Indonesia,-6.9484206,110.2579036
Bank,29,$23661.55,9/28/2019,China,46.64635,131.158416
Grocery Store,6,$31715.09,1/23/2019,Nicaragua,11.8334463,-86.1662742
Restaurant,19,$65960.56,7/17/2019,China,30.674362,107.803911
Bank,11,$60474.05,11/3/2019,Sweden,58.4755075,13.8583744
Bar,21,$29699.78,8/22/2019,Indonesia,-2.2027147,115.2778317
Hospital,22,$62809.43,3/24/2019,United States,41.8784851,-87.627893
Gas Station,8,$26909.10,9/1/2019,Indonesia,-7.7788197,113.7692328
School,8,$6164.62,1/10/2019,France,48.9105576,2.3645084
Grocery Store,4,$2187.94,1/5/2019,United States,33.723039,-84.3436881
Bank,10,$44576.94,5/17/2019,Ukraine,51.5363109,24.8942909
Gas Station,22,$84996.68,10/30/2019,Poland,51.8433045,15.6903444
Gas Station,29,$63102.60,4/6/2019,Vietnam,11.5705176,107.5268471
Grocery Store,2,$25396.83,6/16/2019,Indonesia,-7.2425008,112.7524553
Grocery Store,6,$66656.24,2/20/2019,Finland,61.7904399,29.3146856
Bar,12,$51071.22,12/13/2019,Nigeria,9.616419,11.43472
Bar,17,$67996.94,5/13/2019,Portugal,39.3616253,-9.1576429
Bank,8,$7768.87,7/19/2019,Madagascar,-18.7,47.783333
Bar,29,$66230.47,7/1/2019,Russia,61.0962323,28.8780526
Restaurant,23,$65751.39,7/29/2019,Indonesia,-6.254778,106.842169
Bank,21,$16106.71,11/21/2019,Venezuela,8.5681393,-70.3583879
Bank,27,$71217.98,12/1/2019,Philippines,7.1889377,124.6303406
Hotel,15,$37435.29,4/23/2019,Syria,32.8881983,36.4824165
Gas Station,1,$37459.25,4/23/2019,Madagascar,-21.266667,46.983333
Hotel,30,$18754.88,4/17/2019,Philippines,14.3246136,120.8590469
Hotel,10,$53652.20,4/13/2019,China,31.220367,121.424624
Grocery Store,21,$97813.22,10/12/2019,Guatemala,14.9269532,-89.7161012
Grocery Store,29,$46070.37,1/19/2019,China,22.843818,114.164223
Bar,7,$60314.48,1/22/2019,Portugal,40.0039328,-8.5808436
Restaurant,28,$11891.12,9/27/2019,Indonesia,-7.8003628,110.0181673
Hospital,3,$50535.15,9/17/2019,Indonesia,-6.6047761,108.024301
Bar,24,$38647.20,10/31/2019,Philippines,6.8928179,125.1635402
School,5,$69585.08,11/19/2019,Japan,34.4981065,135.4073102
Hospital,20,$36508.36,10/26/2019,Indonesia,-6.5864219,106.7441048
Grocery Store,30,$49800.55,11/13/2019,China,25.461545,118.31969
Hotel,20,$18111.29,4/10/2019,Poland,50.1063169,22.3570583
Restaurant,7,$85963.14,6/17/2019,Sweden,59.3178128,18.0285502
Hospital,4,$14596.48,12/20/2019,Luxembourg,49.6875145,5.9122583
Hospital,13,$83565.16,6/27/2019,Russia,52.307093,85.0828553
Bank,25,$44820.98,12/4/2019,Bangladesh,22.3348365,91.8365195
Grocery Store,16,$56802.92,11/28/2019,Russia,55.6761482,37.6032435
Hotel,27,$64828.74,4/12/2019,Russia,56.213277,43.29085
Hotel,10,$2232.67,9/12/2019,Brazil,-10.7824056,-38.5761383
Restaurant,14,$68111.17,12/19/2019,Argentina,-42.7556675,-65.0598718
Restaurant,21,$69359.19,9/3/2019,Pakistan,27.0874729,67.7344167
Grocery Store,10,$5946.78,1/30/2019,Indonesia,-7.5651443,112.239892
Bar,9,$74330.55,8/19/2019,Mexico,17.9567646,-102.1943485
Grocery Store,30,$90241.77,5/2/2019,Albania,40.7295095,19.7859556
Grocery Store,9,$6966.47,2/21/2019,France,43.3032794,5.380142
Hospital,29,$85866.06,4/18/2019,Bangladesh,24.7266705,88.148657
Bank,6,$72394.63,11/27/2019,Honduras,15.081635,-86.4174653
Restaurant,12,$54304.60,4/7/2019,Latvia,56.4177803,21.8525134
Restaurant,18,$9610.89,7/23/2019,China,36.049805,-115.244096
Gas Station,2,$82059.72,11/24/2019,Democratic Republic of the Congo,-9.1522423,25.8285153
Bar,12,$14241.22,5/29/2019,China,36.39141,116.632262
Hospital,18,$36394.61,4/29/2019,Jordan,32.6434902,35.9396453
Bank,7,$78670.03,8/1/2019,Russia,47.3695152,40.0905465
School,27,$97975.21,5/5/2019,Democratic Republic of the Congo,-6.0329665,26.9263671
Hotel,2,$13662.14,4/10/2019,Philippines,14.6110296,120.9962387
Restaurant,29,$6947.43,8/28/2019,Peru,-10.9965942,-76.3289941
Hospital,17,$78979.41,3/23/2019,China,38.520089,102.188043
Hospital,11,$31575.57,3/28/2019,Indonesia,-8.2446702,123.1428348
Grocery Store,2,$94856.02,9/13/2019,Canada,48.94153,-125.54635
School,20,$15151.42,6/22/2019,Estonia,59.4294432,24.5475697
Gas Station,20,$36746.86,10/5/2019,China,33.722478,118.703424
Gas Station,11,$11147.60,9/14/2019,Indonesia,-6.86277,109.6222698
Gas Station,3,$12825.42,1/25/2019,Serbia,44.6208353,21.1842054
School,14,$87997.59,11/6/2019,Philippines,9.6840203,118.5427888
Bank,27,$85042.11,2/12/2019,Brazil,-21.7034017,-47.27079
Restaurant,19,$24505.05,7/5/2019,Japan,37.9616862,140.8267396
Hospital,14,$33769.43,10/22/2019,France,48.0515029,6.535628
Bar,8,$85185.50,8/1/2019,Sweden,59.2423602,14.4352781
Grocery Store,17,$72900.56,12/11/2019,China,35.995654,119.410103
Bank,27,$85692.50,9/10/2019,Philippines,6.4946003,124.1086807
Hospital,1,$36743.89,11/24/2019,Serbia,45.8788922,20.5527173
Hotel,10,$6815.74,8/17/2019,Mexico,20.8965838,-105.4093552
Bank,27,$9846.62,4/20/2019,Ukraine,46.36313,30.64891
Bank,18,$29702.91,12/19/2019,France,43.834535,5.0436629
Bar,17,$40737.59,9/13/2019,China,39.9391612,116.4578203
Grocery Store,28,$98104.98,7/12/2019,Ukraine,49.554701,32.0981669
Gas Station,20,$9173.79,10/2/2019,United States,40.3208847,-76.8836261
School,27,$1809.40,11/26/2019,Austria,46.5919484,13.9234172
Bar,18,$58389.34,5/7/2019,Brazil,-14.1500098,-43.2521507
Hospital,24,$38367.01,5/4/2019,Canada,51.56668,-101.90093
Bar,16,$40305.03,10/31/2019,United States,39.7503186,-104.8367063
School,6,$76904.99,4/14/2019,China,29.648686,109.864472
Grocery Store,26,$38211.38,1/13/2019,Iran,27.2087957,53.0405196
Bank,12,$57249.82,1/26/2019,China,28.190756,113.038578
Bar,7,$94166.93,11/17/2019,Malawi,-13.0356794,33.4719832
Gas Station,3,$23707.12,10/2/2019,North Korea,41.4564504,126.6441618
School,16,$52777.47,3/25/2019,Croatia,43.1839958,16.5992505
Restaurant,5,$28211.97,12/27/2019,Colombia,4.6889438,-75.777846
Grocery Store,30,$51388.96,2/20/2019,Portugal,39.7887592,-8.0603988
Bar,19,$48352.57,2/24/2019,China,25.890008,119.585442
Bar,19,$90151.57,2/3/2019,Luxembourg,49.540933,6.2596019
Bar,11,$9995.18,5/12/2019,Haiti,19.0487026,-72.4701945
Hotel,6,$98882.47,6/23/2019,Indonesia,-7.04486,113.73422
Gas Station,29,$18288.86,6/9/2019,Norway,64.012788,11.487163
Bar,20,$86509.15,2/26/2019,Nigeria,11.5291917,8.6573084
Hotel,4,$59920.42,9/27/2019,Ukraine,48.4978938,30.9365392
Hotel,11,$53037.15,6/2/2019,China,24.745135,100.824707
Hotel,25,$94616.37,10/16/2019,Philippines,16.7690892,120.3353957
School,11,$18884.37,3/10/2019,Indonesia,-6.9828037,109.5568089
Bank,28,$13077.01,1/17/2019,China,25.504173,101.241728
Bank,11,$37567.07,5/31/2019,China,22.34414,113.604417
Hospital,15,$85090.87,2/14/2019,Croatia,44.7984547,14.8829285
Bar,7,$36589.38,12/17/2019,Indonesia,-8.3739,124.4172
School,14,$62077.20,2/9/2019,United States,37.7181398,-122.4863492
Bank,28,$45434.28,12/24/2019,United States,47.1427431,-122.4407344
Hotel,2,$51491.14,1/6/2019,Dominican Republic,18.4489182,-69.9865207
Hospital,13,$56040.68,6/26/2019,Russia,53.8638922,34.4574753
Hotel,30,$10000.90,3/15/2019,China,46.774511,130.633035
Gas Station,16,$24216.74,7/18/2019,France,48.7700185,2.3508225
School,16,$24911.98,12/5/2019,Philippines,14.5792342,120.9965883
Bank,30,$58185.24,1/17/2019,Uganda,0.22216,33.20608
Grocery Store,12,$75675.00,2/21/2019,China,32.990664,112.528308
Grocery Store,16,$28562.39,2/13/2019,Nigeria,9.1482421,9.7985457
Bank,8,$31578.72,9/8/2019,Indonesia,-8.5705,116.498
Grocery Store,25,$37949.63,2/1/2019,Peru,-11.82198,-75.730667
Bar,30,$20049.11,7/10/2019,Indonesia,-6.9580488,107.5847246
Hotel,28,$94916.10,1/9/2019,Costa Rica,9.97788,-84.762933
School,27,$93189.11,4/12/2019,Ukraine,50.81667,27.03333
Bar,8,$72640.31,2/12/2019,Madagascar,-21.3032134,47.6381357
School,10,$93451.15,7/7/2019,China,39.978848,119.775799
Restaurant,14,$9201.40,1/17/2019,China,20.011946,110.201664
School,19,$36336.51,12/26/2019,Trinidad and Tobago,10.2995028,-61.175278
Bar,15,$44845.09,6/19/2019,Vietnam,13.7399629,108.0954351
Gas Station,11,$21079.79,6/19/2019,Indonesia,-8.5437713,120.6749301
Gas Station,30,$90133.62,7/1/2019,Mexico,18.1096868,-95.8803869
Bank,13,$46118.52,5/20/2019,Russia,55.813957,37.626119
Grocery Store,25,$50494.51,3/24/2019,Mexico,19.3803931,-99.1476908
School,15,$47186.14,11/10/2019,Portugal,39.2586992,-9.3242373
Hospital,17,$71016.34,8/14/2019,Portugal,40.3356039,-7.883045
Bank,9,$91486.81,1/23/2019,China,35.00394,104.634983
Gas Station,3,$84973.71,9/1/2019,China,28.841244,108.767747
Hospital,19,$25308.68,7/8/2019,Russia,45.2697992,38.148163
Bar,25,$44022.21,12/8/2019,China,39.948572,116.420192
Bar,5,$72904.97,10/26/2019,Philippines,12.2200003,123.4869995
Bar,29,$11860.77,7/23/2019,Yemen,15.552727,48.516388
Hotel,5,$85766.00,8/24/2019,China,24.9938893,110.4541138
Restaurant,15,$17258.12,3/3/2019,Serbia,43.5757545,21.331051
Hospital,29,$63883.18,8/10/2019,Palestinian Territory,32.38632,35.48084
Hotel,6,$23657.16,4/14/2019,Iceland,65.1474586,-13.6711979
School,3,$5538.53,5/30/2019,Indonesia,-6.4901067,106.8306951
Hotel,3,$21801.58,12/20/2019,Sweden,57.7385277,12.0633439
Restaurant,5,$83177.73,5/21/2019,Ukraine,48.9965372,29.7999327
Hospital,27,$41550.27,11/17/2019,Nigeria,9.2894242,12.2416715
Grocery Store,18,$18113.49,7/20/2019,Norway,61.126827,10.4388999
Bank,26,$18671.63,5/20/2019,San Marino,43.9078337,12.4581209
Gas Station,28,$93893.37,11/11/2019,Indonesia,-6.5115909,105.652983
Bar,1,$45910.81,8/25/2019,Haiti,19.0487026,-72.4701945
Restaurant,7,$24501.19,3/19/2019,Indonesia,-7.9576278,111.3561103
Restaurant,16,$71205.42,3/3/2019,Albania,40.7163491,19.7502384
Bar,3,$54621.31,7/9/2019,Peru,-15.7725451,-69.6840125
Grocery Store,3,$82117.46,11/17/2019,Greece,39.3046388,23.2207655
Grocery Store,15,$13866.13,1/18/2019,China,39.909969,116.459299
School,27,$76714.58,9/28/2019,Nigeria,5.3419104,6.6557943
Grocery Store,21,$48437.39,12/24/2019,Indonesia,-6.6760058,111.0102737
Hospital,3,$16530.81,10/5/2019,Sweden,59.7394596,18.3595793
Grocery Store,22,$83960.69,12/1/2019,Poland,51.2250373,22.7850797
School,16,$97201.89,8/19/2019,Sierra Leone,8.9517713,-11.9783208
Hospital,6,$80956.17,11/17/2019,Honduras,14.8032838,-88.5975892
Grocery Store,21,$87476.35,5/15/2019,China,30.5211502,112.8915932
Restaurant,27,$98609.05,5/8/2019,Russia,56.0388248,37.2339179
Hospital,6,$23084.96,1/17/2019,Finland,67.9547288,23.6829386
Hospital,7,$66711.07,7/10/2019,Sweden,59.3729008,17.8567134
Bar,14,$14354.19,3/22/2019,Russia,55.921585,158.709579
Gas Station,30,$66125.16,12/28/2019,China,37.399373,110.691139
Bar,9,$18853.17,6/27/2019,Mexico,32.4937455,-116.9552547
Restaurant,30,$8018.89,7/14/2019,Nigeria,6.0105192,6.9103455
Hotel,22,$95757.66,7/12/2019,Russia,59.7050314,30.451101
Bank,19,$33702.51,9/1/2019,Russia,55.706586,37.5186129
Gas Station,6,$44326.97,12/11/2019,Philippines,8.2511483,124.8514628
Gas Station,9,$79032.69,7/20/2019,China,31.938731,113.165197
Bar,30,$22108.22,5/12/2019,Russia,52.7569427,55.8011374
Bar,15,$86844.96,4/30/2019,Thailand,14.6640154,102.7939759
Hotel,17,$59573.74,8/7/2019,United States,38.9331391,-92.3738037
School,26,$17266.03,9/14/2019,Iran,37.3833017,55.5025595
Gas Station,26,$29029.16,9/13/2019,Albania,41.9164917,20.2862003
Bar,20,$94329.16,5/10/2019,China,30.741991,121.341969
Gas Station,16,$53412.48,7/20/2019,Philippines,13.0730815,123.5982956
Hotel,14,$13385.35,2/11/2019,Venezuela,9.9648655,-71.1329685
Grocery Store,17,$57102.64,4/5/2019,Peru,-7.6209569,-78.0452217
Bank,10,$60167.02,12/29/2019,Dominican Republic,19.1168606,-70.6097821
Gas Station,3,$37642.29,12/15/2019,Slovenia,46.68518,16.3936719
School,9,$31750.98,2/15/2019,Brazil,-21.35188,-46.4970116
Grocery Store,26,$93746.47,11/3/2019,Brazil,-25.7691769,-49.718244
Hospital,5,$57271.58,2/14/2019,Sweden,59.3125021,18.0760798
Restaurant,9,$83966.71,5/24/2019,Russia,54.11285,33.29648
Bar,10,$3597.06,5/1/2019,Indonesia,-6.2614858,106.4052541
School,17,$7412.13,12/21/2019,China,33.959385,119.563316
Restaurant,2,$41220.08,1/19/2019,Russia,60.722442,114.8315052
Restaurant,6,$91208.39,4/18/2019,Poland,50.222479,19.772052
Bank,9,$82466.03,1/13/2019,Peru,-8.081766,-78.0883695
School,9,$68819.18,9/8/2019,United Kingdom,55.8709949,-4.2494388
Bar,21,$75349.79,5/9/2019,Croatia,46.4054155,16.4201451
Hospital,1,$57675.68,3/17/2019,Yemen,16.9509413,43.7477743
Hotel,13,$6462.68,10/22/2019,China,41.880872,123.957208
Bar,4,$30295.84,1/5/2019,Estonia,58.3776252,26.7290062
Hotel,25,$34960.20,7/28/2019,Argentina,-34.6950382,-58.6575429
Bank,14,$98032.95,10/5/2019,China,41.57365,120.4493879
School,12,$47840.44,11/3/2019,Philippines,14.5024732,120.9921722
Grocery Store,8,$65798.73,10/13/2019,Honduras,14.6628087,-87.7787929
Hospital,18,$18111.77,3/5/2019,Brazil,-30.8493976,-51.8048311
Gas Station,13,$91016.78,12/24/2019,China,28.407117,117.596452
Bar,4,$33512.72,7/8/2019,Poland,51.31653,16.2304569
Hospital,25,$84502.61,8/29/2019,Canada,45.8903748,-77.2672051
Bar,20,$52000.57,7/25/2019,Indonesia,-6.9174639,107.6191228
School,18,$75821.84,7/29/2019,Albania,40.9357866,20.2899237
Bank,19,$68967.05,1/21/2019,Cyprus,35.3237104,33.3149413
Grocery Store,25,$82419.31,6/10/2019,Ireland,53.9735591,-8.2969737
Hospital,3,$91011.73,2/12/2019,China,40.827732,114.884994
School,25,$77022.79,6/8/2019,Philippines,14.6020624,121.0161088
Gas Station,23,$45576.50,12/8/2019,Ukraine,49.7937517,25.3739849
Bar,23,$58882.43,2/5/2019,Poland,49.642816,21.660458
Bank,20,$76774.87,5/5/2019,Sweden,61.00862,14.57173
Hospital,21,$14230.36,8/27/2019,Papua New Guinea,-6.2899253,145.859323
Gas Station,26,$33933.14,11/22/2019,Indonesia,-7.8100327,110.3592495
Grocery Store,8,$9609.55,2/25/2019,Poland,50.0398933,19.7289065
Restaurant,11,$32595.12,9/13/2019,Morocco,31.6891751,-4.9574947
Hotel,2,$51135.50,1/22/2019,Namibia,-22.3531369,16.1286901
Grocery Store,3,$64033.14,4/14/2019,China,30.3039275,120.3376132
Gas Station,23,$2578.34,9/20/2019,Colombia,5.082453,-73.365046
Hospital,3,$59176.96,11/25/2019,Kuwait,29.1070609,48.1239894
Gas Station,14,$65761.61,3/8/2019,China,31.254198,94.915316
School,14,$78790.07,11/21/2019,Finland,60.5717591,26.050814
Grocery Store,26,$37014.46,1/15/2019,Russia,60.4563994,50.9907161
Gas Station,7,$90633.00,9/21/2019,Sweden,58.2816546,11.4679865
Grocery Store,21,$3608.84,10/29/2019,China,29.00707,114.246016
Restaurant,24,$80093.05,4/7/2019,Chad,11.0630379,17.9324442
School,25,$21375.42,12/17/2019,Poland,52.2228424,17.2749897
Grocery Store,27,$50742.81,9/18/2019,Honduras,15.016667,-85.75
Hospital,7,$69501.37,7/8/2019,China,39.635068,117.515189
Bank,22,$78022.40,4/4/2019,France,45.4381658,4.3868779
Grocery Store,11,$6395.32,1/21/2019,Russia,45.2981711,41.5285717
Gas Station,27,$9092.66,7/27/2019,Czech Republic,49.2914367,16.5787482
Grocery Store,23,$58345.02,12/5/2019,Yemen,13.0578415,44.8832833
Bar,4,$32493.70,3/10/2019,Iraq,31.0452345,46.2665911
Bank,2,$98380.85,8/7/2019,Indonesia,-7.1569,108.0375
Gas Station,18,$71844.13,9/17/2019,Luxembourg,49.5376953,6.1470475
Hospital,16,$55513.71,5/5/2019,Ecuador,-2.1709979,-79.9223592
Grocery Store,8,$71855.77,11/8/2019,Philippines,11.1449142,124.8326192
School,14,$85930.30,9/22/2019,Philippines,9.9213559,124.4318122
Grocery Store,30,$87066.30,8/31/2019,France,48.7471816,2.3572729
Hospital,15,$95517.68,2/9/2019,Armenia,39.9716709,44.5352163
Restaurant,10,$74055.65,12/23/2019,China,32.993182,110.425983
Hospital,18,$46761.66,9/2/2019,Belarus,52.8066236,29.4258895
Hotel,1,$94345.56,2/2/2019,Ukraine,48.7192002,32.6770961
School,27,$49013.40,2/14/2019,Portugal,40.8157748,-8.489917
Bank,26,$4049.79,9/25/2019,Philippines,9.8411782,123.9121342
School,11,$35615.13,3/16/2019,Macedonia,41.9121057,22.4068944
Gas Station,6,$39301.04,10/1/2019,China,40.401045,117.998902
Hotel,28,$52685.19,4/30/2019,Ukraine,50.5904776,30.4831983
Hotel,18,$71329.10,9/24/2019,Cyprus,34.8412176,32.4297369
School,8,$79931.03,3/31/2019,Madagascar,-23.3505295,47.5914122
Hotel,11,$78830.72,1/25/2019,Indonesia,3.706995,103.1024948
School,14,$30451.15,8/8/2019,Colombia,5.0792613,-75.4111644
School,1,$13096.04,2/16/2019,Indonesia,-6.7338751,111.3471022
Hospital,2,$35142.45,6/30/2019,Indonesia,-7.440509,110.5826261
Hospital,9,$11695.78,12/30/2019,Indonesia,-6.8527,115.2624
Bar,19,$11786.12,9/12/2019,Sweden,57.7314074,12.0595845
Hotel,29,$67005.59,7/17/2019,Brazil,-21.8324773,-46.8925845
Gas Station,28,$66312.58,3/13/2019,Philippines,10.0698222,124.5514906
Hospital,6,$60849.52,6/7/2019,Indonesia,52.804249,6.186692
Gas Station,4,$14097.76,11/5/2019,Sweden,57.5260245,13.3426293
Bar,2,$86197.39,1/30/2019,China,27.318852,115.444319
Restaurant,28,$58876.02,7/22/2019,Philippines,7.3517838,122.2833466
Hospital,16,$17782.26,2/26/2019,Greece,37.9768245,23.7617382
Hospital,19,$27913.99,9/4/2019,Slovakia,48.1722347,17.2054874
Bank,5,$11569.17,10/5/2019,Sierra Leone,8.1087597,-11.8478324
Bar,29,$13292.61,10/16/2019,Russia,54.0518227,35.229882
Bar,1,$83087.97,5/27/2019,Indonesia,-8.1878613,112.6407229
Gas Station,2,$39262.38,11/1/2019,Japan,36.8079089,139.9200321
Grocery Store,10,$12301.20,1/5/2019,Latvia,57.331693,25.6100339
Grocery Store,13,$98674.89,1/17/2019,Russia,63.2803099,118.3618985
Hospital,21,$18116.58,7/16/2019,Ukraine,48.5225505,23.5051414
School,24,$30354.31,9/13/2019,United Kingdom,52.382748,1.580316
Grocery Store,17,$24243.02,2/18/2019,Portugal,39.60178,-8.968457
Grocery Store,3,$68081.35,8/3/2019,China,22.278214,114.182575
School,29,$23062.37,5/8/2019,Botswana,-24.097317,25.0288051
Gas Station,22,$92858.84,8/5/2019,Albania,40.533557,19.5954894
School,27,$66835.70,4/30/2019,United States,30.319558,-95.4647953
Bar,10,$2428.90,3/24/2019,Indonesia,-6.3079232,107.172085
Bar,12,$60140.00,1/8/2019,Sweden,59.8505671,17.6418492
Grocery Store,25,$32273.54,1/23/2019,Indonesia,-6.9175575,111.5140386
Grocery Store,15,$75989.25,7/13/2019,Philippines,10.9423,124.6806
School,29,$44060.86,12/3/2019,Indonesia,-6.8264662,106.6400362
Bar,7,$99088.50,10/5/2019,Portugal,40.1422779,-7.6602365
Bank,29,$54653.33,2/11/2019,China,21.270702,110.359368
Hospital,2,$38163.42,3/10/2019,China,30.172782,111.0765
Bank,30,$21691.90,6/15/2019,Cambodia,12.90616,105.2194808
Hotel,25,$10283.35,9/5/2019,Philippines,12.532252,124.870243
School,3,$12718.78,5/29/2019,China,36.684789,118.479654
Hospital,14,$6965.35,1/20/2019,China,37.0237497,120.5622121
Hotel,18,$4139.06,7/29/2019,Russia,59.9420078,30.2307225
Grocery Store,3,$25065.69,4/15/2019,Indonesia,-6.5978669,106.635025
Grocery Store,23,$99396.13,4/20/2019,China,37.646108,120.477813
Restaurant,1,$31735.43,8/6/2019,Indonesia,-8.3841,123.2415
Bank,6,$15026.15,10/4/2019,China,28.098056,101.579377
Bank,3,$11470.24,3/20/2019,Brazil,-21.2484875,-45.0013747
Gas Station,8,$31310.74,8/21/2019,United States,29.82,-95.29
Gas Station,21,$8933.14,8/2/2019,Indonesia,1.5245894,110.3127541
Bank,22,$5608.46,12/12/2019,China,37.520481,115.251124
Hotel,3,$27885.82,3/13/2019,Indonesia,-7.2914614,112.6109257
Hotel,12,$22430.36,5/7/2019,France,43.7786945,3.7264439
Gas Station,5,$75198.53,12/25/2019,Indonesia,-7.0345626,107.9836107
Restaurant,30,$54513.15,6/9/2019,Spain,28.1328796,-15.4393074
Grocery Store,24,$99706.94,10/31/2019,Nepal,28.7746477,83.7730237
Grocery Store,19,$58164.71,6/7/2019,Brazil,-10.5086496,-37.4467952
Hospital,15,$2410.89,3/10/2019,China,36.334104,113.228852
Grocery Store,2,$66124.59,9/19/2019,China,36.067108,120.382609
School,13,$90985.37,7/8/2019,Indonesia,-7.8848787,112.6722635
Bar,21,$90755.57,2/3/2019,Poland,52.3956594,19.1739321
Restaurant,9,$34630.03,8/23/2019,China,37.026945,111.916711
Grocery Store,5,$62197.65,5/28/2019,France,45.70734,5.534063
Bank,28,$12787.88,9/19/2019,Panama,8.8729633,-82.5834947
Gas Station,2,$90017.28,3/3/2019,Sweden,57.731461,12.0599176
Gas Station,14,$95854.14,7/22/2019,China,27.69965,108.839557
Gas Station,30,$80415.98,5/18/2019,Japan,34.7326539,137.7446478
Grocery Store,29,$54824.15,9/15/2019,Ukraine,50.8310469,34.9528373
School,1,$89376.58,2/17/2019,China,36.266505,114.797389
Hotel,15,$33836.59,5/3/2019,North Korea,40.9612198,129.3209986
Hospital,7,$4629.46,10/30/2019,China,39.9041999,116.4073963
Hotel,15,$25665.43,11/6/2019,China,36.187989,117.041581
Hospital,23,$54915.10,7/22/2019,Indonesia,-2.6488408,115.328206
Grocery Store,28,$60366.31,5/24/2019,France,48.840109,2.586253
Hospital,13,$2966.23,7/26/2019,China,30.93902,94.68908
Bar,3,$10484.88,12/24/2019,Moldova,47.7437283,27.9542722
Bank,17,$50996.86,10/31/2019,Guinea-Bissau,11.3410027,-14.935965
Bar,5,$71657.53,2/9/2019,Russia,54.152383,33.2878545
School,28,$79757.38,1/31/2019,China,29.0994968,119.700816
Bar,7,$6535.44,10/8/2019,China,36.320344,113.536047
School,18,$45157.86,6/2/2019,Palestinian Territory,31.5798898,35.0999042
Hospital,9,$79868.46,10/16/2019,Russia,54.8737338,83.000494
Bar,13,$24704.25,8/11/2019,Madagascar,-22.1432288,48.0059825
Grocery Store,7,$43991.39,5/26/2019,China,41.666028,122.1234429
Grocery Store,27,$9994.41,4/11/2019,China,34.326903,108.117456
Bank,30,$38997.89,4/7/2019,Honduras,14.913868,-87.26432
School,8,$44891.76,11/22/2019,Ethiopia,7.8570335,36.5823944
Grocery Store,9,$41238.54,7/9/2019,Indonesia,-6.212159,106.510583
Restaurant,14,$41587.81,11/11/2019,Ukraine,48.3000957,39.7430006
Hospital,2,$60963.70,4/7/2019,Russia,51.0288293,59.8683611
Bank,2,$68605.41,9/6/2019,Canada,54.78036,-127.17428
Hotel,30,$58160.06,5/23/2019,China,28.1562239,113.6293358
Hospital,20,$76812.75,5/8/2019,China,-6.2140375,106.8311173
Grocery Store,18,$95900.30,4/14/2019,Armenia,39.8319349,44.6635181
Gas Station,9,$37812.15,6/10/2019,Costa Rica,9.829638,-85.325961
Hospital,3,$59423.70,11/3/2019,Philippines,10.9991938,122.6717828
Gas Station,2,$43134.02,10/1/2019,Philippines,13.9192331,121.4256292
Bank,25,$82082.86,7/8/2019,China,34.379742,117.788836
School,22,$35885.51,11/22/2019,United Kingdom,52.300713,-1.6462357
Bar,8,$67451.89,9/26/2019,Russia,56.232836,43.8367278
Hospital,30,$36354.43,12/15/2019,Sweden,59.454973,13.7250925
Hospital,11,$38582.88,1/31/2019,China,48.1973404,16.3587247
Hotel,3,$95078.39,4/28/2019,China,32.562824,104.559168
Grocery Store,9,$903.33,12/25/2019,Iraq,33.85,44.233333
School,9,$37834.82,6/27/2019,Philippines,9.0968475,118.0843002
Restaurant,28,$37526.06,7/30/2019,Japan,35.0725969,138.9363063
Bank,8,$64480.10,1/6/2019,Venezuela,10.4132061,-66.8052202
Restaurant,3,$54409.32,6/3/2019,Dominican Republic,19.343904,-70.291748
Hospital,5,$52517.82,5/21/2019,Sweden,59.3664053,17.8763622
School,20,$11791.27,7/23/2019,Philippines,13.928808,121.421617
Bar,11,$17734.65,2/18/2019,Indonesia,-6.183459,106.7647475
School,5,$80504.85,8/13/2019,Philippines,17.9410217,120.5817801
Gas Station,8,$1235.62,3/6/2019,Russia,44.2551686,135.0572606
School,17,$64794.34,11/20/2019,Philippines,13.2317498,123.7702587
Hospital,10,$64361.07,3/11/2019,Comoros,-11.4056968,43.3475695
Grocery Store,5,$55450.14,6/17/2019,Portugal,39.3297421,-8.3745717
Hospital,21,$67371.99,6/29/2019,Mexico,20.8965838,-105.4093552
Bar,28,$7061.57,7/11/2019,Portugal,42.038041,-8.324549
Restaurant,20,$85915.48,6/18/2019,Saint Vincent and the Grenadines,13.2570942,-61.125756
Hotel,22,$88008.33,8/6/2019,Brazil,-8.9444808,-35.2807624
Gas Station,19,$14112.75,4/1/2019,Poland,51.7930978,23.528792
Gas Station,26,$72247.18,7/22/2019,China,28.46763,119.922796
Bank,21,$93893.82,4/7/2019,France,50.7308185,1.5948224
Hotel,7,$99851.04,12/6/2019,Canada,66.14511,-65.71252
School,6,$96490.98,2/8/2019,Kazakhstan,52.7572749,78.2041704
Bar,13,$40369.99,5/24/2019,Argentina,-34.6824081,-58.5146668
Gas Station,25,$4071.14,6/11/2019,China,23.170455,114.419667
Hospital,15,$46818.38,2/13/2019,Philippines,8.2260557,124.2518415
Hospital,5,$20364.22,5/13/2019,Brazil,-17.3079902,-40.1862129
Grocery Store,26,$27464.09,10/4/2019,Mozambique,-16.2162656,39.914466
Bank,7,$92632.59,1/18/2019,Japan,38.0285839,139.9928186
Restaurant,28,$3339.50,3/24/2019,United States,36.09,-79.83
Restaurant,21,$12360.26,2/24/2019,Russia,56.5948706,84.9077645
Bar,15,$77216.98,8/17/2019,Albania,40.5963905,19.7383332
School,14,$75304.13,9/1/2019,Denmark,55.6885155,12.5873995
Hotel,15,$1087.14,1/26/2019,China,38.56077,114.250474
Bar,16,$70254.06,9/2/2019,China,37.775349,117.385256
Hospital,23,$799.71,7/11/2019,China,29.528923,104.990101
Grocery Store,20,$65166.10,6/19/2019,Ghana,7.1796355,-2.1008486
Grocery Store,30,$75155.78,12/3/2019,Russia,63.4529778,48.8833546
Grocery Store,4,$48634.33,4/2/2019,Argentina,-32.968211,-60.6752261
Hospital,20,$8854.99,5/13/2019,Thailand,8.287423,100.1927389
Grocery Store,5,$23034.57,9/19/2019,Russia,52.0715558,103.8262447
Grocery Store,9,$73627.94,8/13/2019,China,39.9474817,116.4689261
Grocery Store,3,$84424.07,3/27/2019,Slovenia,46.3621517,14.3083372
Grocery Store,23,$55473.51,6/22/2019,Indonesia,-7.5989183,110.1317822
Hospital,22,$45226.55,3/24/2019,Greece,40.3306084,21.7886602
Hospital,23,$27205.71,12/11/2019,Indonesia,-6.9899077,110.4098237
Gas Station,9,$56150.52,7/30/2019,Canada,53.1762084,-105.7514651
Hotel,24,$15984.58,9/26/2019,France,45.5423201,5.449605
Hospital,3,$59750.70,4/15/2019,Finland,63.6182729,22.7568858
Bar,30,$99069.75,5/31/2019,Ireland,53.377533,-6.2633149
Hospital,21,$1771.04,1/9/2019,Kazakhstan,51.1480274,71.4256221
Grocery Store,22,$25780.60,8/26/2019,China,23.992676,115.703598
Hotel,1,$92372.81,10/12/2019,Russia,55.8210459,38.0849522
School,9,$47542.26,4/20/2019,Russia,55.658365,37.615691
Hospital,25,$14542.18,4/6/2019,Japan,35.8232602,139.5521867
Hospital,8,$70788.49,11/19/2019,Sweden,59.7436995,18.3601496
Hotel,20,$47171.40,2/15/2019,Vietnam,10.6559243,107.2370874
Gas Station,12,$3369.03,5/17/2019,Russia,69.4326713,30.8274819
Gas Station,6,$98969.45,4/25/2019,Indonesia,-8.2484009,111.8151245
School,3,$2400.40,8/21/2019,Guyana,43.6422125,-79.3744257
Bank,21,$57952.51,8/14/2019,Poland,53.768384,17.2264899
Bar,5,$58358.13,1/22/2019,Russia,53.701556,91.680719
Hospital,3,$3865.01,4/27/2019,China,32.890479,115.814504
Grocery Store,27,$48935.83,5/31/2019,Indonesia,-6.8510505,108.0806141
Hotel,22,$48880.27,7/5/2019,South Korea,37.7467263,126.4878731
Bar,24,$99809.03,8/25/2019,Denmark,55.6777952,12.5751597
Gas Station,1,$820.05,12/8/2019,Argentina,-38.7589114,-62.2749967
Restaurant,19,$57805.57,6/1/2019,Portugal,41.6570939,-8.573081
School,2,$6704.53,11/25/2019,Thailand,16.7124054,98.5746649
Bar,25,$71707.60,3/31/2019,Poland,51.9038827,23.1771438
Hospital,14,$58462.51,6/23/2019,China,30.334768,106.93038
Bar,4,$84428.51,4/23/2019,China,27.910242,103.519862
Hotel,15,$13737.53,12/24/2019,Russia,61.7267327,75.333769
Grocery Store,5,$51003.60,3/17/2019,Guatemala,14.4184896,-90.2440545
Grocery Store,21,$38029.35,11/24/2019,China,32.434672,119.569989
Grocery Store,9,$17387.11,2/18/2019,China,29.714699,118.337521
Bar,27,$55626.74,1/15/2019,Philippines,7.0583573,125.7222954
Restaurant,18,$51694.74,12/12/2019,Colombia,6.4360112,-73.28833
Bar,28,$43673.47,7/4/2019,Japan,34.7326539,137.7446478
Gas Station,21,$58334.10,11/2/2019,Indonesia,-7.0110378,110.3919493
School,18,$57621.76,12/6/2019,Pakistan,30.3670619,68.5973259
School,4,$33489.62,7/8/2019,Sweden,63.2664676,18.6285484
Grocery Store,1,$8823.48,11/29/2019,Canada,48.7925732,-79.201011
Grocery Store,7,$76060.63,3/24/2019,New Zealand,-37.0555803,174.9213435
Hospital,2,$89830.68,11/9/2019,Norway,69.63186,18.9221
Bar,28,$69690.38,4/9/2019,Indonesia,-8.601207,115.1159883
Bank,12,$42537.51,4/24/2019,France,46.6473105,0.813275
Grocery Store,4,$94253.68,3/15/2019,China,30.2646273,78.5064473
Hotel,14,$19421.24,6/16/2019,Brazil,-31.575874,-53.3806553
Hotel,26,$50422.08,7/23/2019,Mexico,19.6786236,-101.1808488
Restaurant,17,$82749.55,11/26/2019,Vietnam,21.1241396,105.5939066
Hospital,12,$32633.61,10/14/2019,United States,30.5547139,-84.0801613
Grocery Store,6,$97463.70,1/31/2019,Russia,53.9762845,43.8688442
Grocery Store,13,$2244.61,8/20/2019,Japan,35.7418174,139.3234464
Grocery Store,25,$74067.98,9/18/2019,China,47.443101,85.874096
Bank,18,$14611.33,11/27/2019,China,34.746611,113.625328
Hotel,18,$83408.75,9/23/2019,Portugal,40.9860764,-8.530048
Bar,9,$5217.20,10/18/2019,Cameroon,4.087552,11.20197
Bar,2,$58846.01,9/13/2019,Brazil,-23.8107528,-47.1752123
Bar,10,$41431.29,1/22/2019,Thailand,18.4320055,98.9024603
Restaurant,16,$5218.40,6/16/2019,Uruguay,-34.858821,-56.0500846
Bar,19,$30699.73,5/3/2019,China,26.489558,119.549776
Bar,14,$34847.78,11/22/2019,Peru,-8.3928622,-74.5826166
Gas Station,27,$47947.58,11/28/2019,Philippines,9.993407,122.750324
Gas Station,9,$87553.44,2/15/2019,Russia,57.5394675,28.0121149
Restaurant,25,$68960.75,7/14/2019,Pakistan,27.9687584,68.6404324
Grocery Store,29,$82076.96,8/22/2019,Portugal,37.0901727,-8.2111164
Bar,20,$4827.83,11/10/2019,China,22.974898,113.993115
Hospital,5,$46186.69,8/6/2019,Dominican Republic,19.6594511,-71.5065631
Grocery Store,30,$79454.32,6/27/2019,Indonesia,-6.8626591,111.2308467
Bank,25,$8365.44,2/7/2019,Philippines,8.157005,123.3464285
Hospital,2,$96111.52,12/26/2019,Nigeria,6.1413122,6.8029489
Hotel,26,$72154.36,3/30/2019,Tanzania,-4.3822378,38.0605006
Restaurant,10,$49864.03,4/19/2019,Poland,52.0646474,21.4836639
Bar,16,$10716.61,11/10/2019,Norway,60.3560649,5.3446343
Bar,5,$83179.23,5/8/2019,Indonesia,-6.490877,106.7952511
Restaurant,20,$20924.83,6/11/2019,Colombia,4.54304,-74.878165
Gas Station,12,$17290.68,12/6/2019,France,48.4046776,-0.9746208
Hospital,23,$94273.76,2/6/2019,Indonesia,-2.688962,111.622398
Bank,14,$9225.16,1/5/2019,Ukraine,49.5015691,23.9633999
Hotel,18,$6228.04,12/5/2019,China,23.405908,104.649387
Grocery Store,25,$98617.45,11/13/2019,Philippines,18.04406,121.71871
Hospital,5,$73879.17,3/12/2019,Indonesia,-6.334631,106.9093
Grocery Store,19,$31447.93,9/27/2019,Brazil,-23.351784,-47.6931718
Bank,8,$26549.65,7/19/2019,Nigeria,7.6292088,4.1872178
School,2,$78432.86,11/10/2019,Ethiopia,4.8949753,38.1001629
Grocery Store,19,$32224.92,5/24/2019,Uzbekistan,41.2471491,71.5427212
Grocery Store,9,$21262.71,3/8/2019,China,32.663268,96.609741
Restaurant,26,$13622.72,3/18/2019,Uganda,1.1016277,33.9303991
Hotel,6,$8452.64,11/13/2019,Ukraine,47.6668709,38.076284
Restaurant,15,$39212.23,5/2/2019,Vietnam,23.0029267,105.2545888
Bar,30,$56906.59,8/13/2019,China,36.806669,118.017938
Restaurant,24,$76743.74,4/29/2019,Nigeria,6.9149319,3.664859
Grocery Store,13,$93110.54,4/15/2019,China,26.982106,117.980053
Bank,11,$89402.86,12/28/2019,Mexico,25.5822549,-100.9086492
Hospital,6,$93284.88,3/13/2019,Poland,49.858677,18.9770856
Hospital,11,$3659.68,10/8/2019,Indonesia,-6.9852949,112.5766579
School,11,$93482.39,5/17/2019,Uzbekistan,37.2610694,67.3086236
Bar,14,$43547.83,3/24/2019,Ecuador,0.2343005,-78.2610672
Hotel,2,$70186.92,3/16/2019,South Africa,-27.6817666,27.2409361
Restaurant,10,$21698.92,8/19/2019,Indonesia,-7.1989224,107.9072626
School,15,$58406.52,11/17/2019,Uganda,0.3987229,32.4792744
Bar,12,$10222.51,5/18/2019,China,30.031533,101.014425
Restaurant,7,$6479.71,8/21/2019,China,34.894093,106.836465
Hospital,29,$3261.36,9/28/2019,South Sudan,8.296968,30.1531568
Hospital,16,$11198.40,9/7/2019,Brazil,-7.2284727,-39.3121233
Gas Station,16,$30508.38,6/28/2019,China,30.2638032,102.8054753
Bar,27,$63934.97,9/3/2019,Thailand,16.4267638,103.1048449
Bar,11,$23418.61,9/8/2019,Brazil,-21.9896473,-47.4220818
Hospital,24,$81846.54,3/11/2019,Czech Republic,49.718789,17.0837083
Restaurant,21,$33587.83,8/13/2019,Japan,36.6493964,139.8816085
School,9,$74406.44,11/15/2019,Indonesia,-6.6591023,106.2931013
Gas Station,9,$39658.96,12/9/2019,United Kingdom,51.59119,-1.407848
Grocery Store,4,$18616.01,5/5/2019,Poland,54.4823669,17.486283
Hospital,29,$64951.52,1/1/2019,Panama,8.5974312,-80.1791368
Hospital,15,$78812.19,12/5/2019,Macedonia,41.027474,21.335741
Hotel,28,$25807.15,10/18/2019,Indonesia,-7.8111719,110.3979074
Restaurant,25,$16691.71,8/20/2019,Indonesia,-6.3079232,107.172085
Hotel,18,$89492.89,4/21/2019,Poland,50.1218351,18.3198228
Restaurant,15,$57590.38,10/27/2019,Poland,54.0809529,21.4937201
Grocery Store,11,$35248.58,11/11/2019,Bosnia and Herzegovina,44.1799774,18.9418196
Grocery Store,9,$66911.25,9/4/2019,China,22.814304,115.955191
School,26,$68409.22,6/5/2019,Brazil,-16.2382608,-44.4370606
Grocery Store,16,$14348.71,5/29/2019,Indonesia,-6.8174513,106.3683065
Hospital,3,$35210.33,9/29/2019,Morocco,32.8285457,-8.5116903
Grocery Store,30,$39369.13,8/13/2019,Colombia,7.1170609,-73.1526623
Hospital,1,$51750.26,10/31/2019,Philippines,13.0748879,120.7213113
Hospital,19,$54041.83,8/6/2019,Malaysia,2.7239834,101.9476452
Grocery Store,6,$85247.13,5/14/2019,China,32.748741,103.82319
Hotel,6,$16547.31,12/26/2019,Mauritius,-20.4780364,57.4796981
Hospital,11,$86563.37,7/16/2019,Armenia,41.2404491,44.8236089
Grocery Store,20,$64053.35,12/19/2019,France,46.791046,4.840663
Bank,30,$48071.06,2/2/2019,Brazil,-9.9061087,-63.0330263
Bank,30,$67415.93,11/29/2019,China,31.364902,108.249509
Gas Station,28,$96675.98,12/14/2019,Azerbaijan,40.4742778,49.8255553
Hotel,29,$52384.76,12/16/2019,China,29.051304,111.546653
Hotel,13,$13661.81,2/27/2019,Cayman Islands,19.2869323,-81.3674389
Restaurant,21,$93385.47,6/8/2019,North Korea,38.4215487,126.2332502
Gas Station,29,$4793.48,3/11/2019,Peru,-16.8093546,-70.6954668
Grocery Store,14,$24662.67,8/23/2019,Brazil,-19.4746347,-42.5264409
Hotel,1,$89213.37,4/18/2019,France,49.7666568,1.1843207
Bar,24,$55609.00,7/1/2019,France,47.3752386,-0.8453268
Hotel,12,$36386.48,7/10/2019,Sweden,62.6291355,17.953415
Hospital,24,$51201.21,6/3/2019,China,22.765392,112.964446
Restaurant,9,$67451.83,10/1/2019,Serbia,42.8414484,21.5766407
Bar,27,$45304.23,7/11/2019,Peru,-11.1227218,-77.6105679
Restaurant,24,$66509.52,12/21/2019,Indonesia,-6.8806715,108.5017948
Bar,10,$43741.47,3/8/2019,Colombia,7.579029,-75.349545
Hospital,16,$14157.63,5/20/2019,Bosnia and Herzegovina,44.4635116,18.7494454
Hospital,6,$42029.56,5/9/2019,Indonesia,-8.4358333,119.9916667
Hotel,6,$848.48,10/26/2019,Peru,-15.66758,-72.534439
Hotel,6,$55589.04,12/12/2019,Poland,51.5344639,20.6364509
School,28,$85180.18,5/6/2019,China,27.465141,112.424933
Bank,5,$7503.63,3/3/2019,Japan,33.4180537,131.6156723
Bank,28,$40943.42,6/28/2019,United States,31.77,-106.43
Bar,28,$4573.14,1/31/2019,Ukraine,46.3601437,32.3522621
Bank,26,$35925.40,12/7/2019,China,22.919228,115.652151
Hotel,8,$28419.32,1/4/2019,Indonesia,-6.633688,107.1573142
Grocery Store,26,$24135.81,6/15/2019,China,31.2303904,121.4737021
Restaurant,9,$30913.85,8/26/2019,Poland,53.3934077,17.6633805
Hospital,6,$50163.62,9/11/2019,Myanmar,22.1215513,95.1536327
Bar,9,$19608.69,3/12/2019,Greece,40.2201203,23.6688433
Bar,4,$68115.69,7/18/2019,Brazil,-10.249091,-48.3242858
Gas Station,14,$11702.39,1/3/2019,Indonesia,-7.5450262,111.6556388
Hospital,2,$82334.55,2/24/2019,Indonesia,-7.6142101,110.692877
Grocery Store,29,$90718.53,12/22/2019,China,35.664323,117.251195
Hotel,20,$84612.60,10/2/2019,Poland,49.8709627,20.3132252
School,30,$62819.37,11/3/2019,Indonesia,-7.5450262,111.6556388
Hospital,21,$21124.52,11/14/2019,Lebanon,33.9842691,35.6344491
Gas Station,11,$68252.11,12/10/2019,France,43.586204,1.6250849
Bar,26,$97538.68,6/15/2019,Philippines,14.3586387,120.9332234
Grocery Store,25,$79675.64,2/21/2019,China,30.532847,105.592898
Bank,19,$81866.19,8/31/2019,Myanmar,17.3220711,96.4663286
Hotel,17,$1040.83,1/29/2019,Russia,58.0312993,38.6043668
Gas Station,10,$15809.14,5/30/2019,China,28.65638,121.42076
Grocery Store,7,$85878.71,4/9/2019,China,39.9510514,116.3380904
Bank,6,$10494.98,9/6/2019,United States,37.3326639,-121.8918364
Bar,28,$27281.26,2/1/2019,South Africa,-33.8880642,18.9591376
Hospital,22,$58868.41,11/11/2019,Russia,45.299318,42.634626
Hospital,17,$99607.69,7/12/2019,Philippines,7.8386702,124.3387307
Hotel,26,$21500.67,9/9/2019,Tuvalu,-7.24562,177.14511
Bar,24,$4857.70,5/30/2019,Mexico,17.6444514,-101.5610424
Gas Station,18,$79748.24,9/22/2019,Czech Republic,49.9114346,17.6628187
Gas Station,10,$79678.42,6/16/2019,China,29.831643,120.307334
Restaurant,8,$75431.42,4/15/2019,Indonesia,-6.8229172,111.3545546
School,5,$24384.97,12/12/2019,Tunisia,37.0388867,9.6647636
Gas Station,10,$58015.79,6/28/2019,Indonesia,-6.7726186,110.8791343
Grocery Store,22,$67472.77,5/6/2019,Indonesia,-7.0837242,108.4928912
School,6,$7519.93,2/2/2019,Morocco,30.3458998,-5.8406587
Bank,17,$50074.10,5/10/2019,Colombia,1.160532,-76.6181655
Bank,28,$37960.33,9/29/2019,Russia,56.4837532,84.9815185
School,29,$85944.68,8/2/2019,Zimbabwe,-17.4086322,32.2256803
Bar,24,$3715.58,2/13/2019,France,48.892701,2.233089
Gas Station,8,$58955.20,3/28/2019,Indonesia,-8.6306506,115.284695
Gas Station,15,$46657.04,6/22/2019,Thailand,18.3637867,103.651666
Bank,27,$73229.74,8/5/2019,Russia,43.2038704,44.8434843
Hotel,29,$33512.61,2/3/2019,United States,39.07,-84.53
Bar,10,$82994.84,7/19/2019,Thailand,14.4612646,100.5577407
School,12,$82364.27,8/30/2019,Burkina Faso,12.0601649,0.3654204
Hotel,11,$90890.26,4/10/2019,Cuba,20.2281486,-77.2807423
Hospital,3,$67031.91,12/16/2019,Palestinian Territory,32.068743,35.150876
Gas Station,3,$70233.97,4/16/2019,Philippines,15.252,120.0169
Grocery Store,10,$70198.97,2/10/2019,Argentina,-34.7942024,-58.2622254
Hospital,27,$86078.51,5/20/2019,Ukraine,50.3676821,25.8233821
Grocery Store,22,$23524.21,2/2/2019,Philippines,8.956049,125.596794
Grocery Store,16,$37525.02,5/10/2019,Peru,-15.4384565,-74.6180833
Hospital,24,$61284.84,5/15/2019,Sweden,57.6893251,11.9388513
Restaurant,20,$93704.74,7/30/2019,United States,32.7634169,-117.1230937
Hospital,22,$88781.85,6/6/2019,Palestinian Territory,31.896059,35.254768
School,19,$78623.22,5/5/2019,China,26.600973,104.8265942
Bank,8,$43509.22,8/3/2019,Russia,45.1141124,41.0051614
Bar,11,$97138.96,12/7/2019,United States,37.2422863,-121.7309452
Hospital,4,$95713.40,3/26/2019,China,24.9936281,121.3009798
Hospital,2,$14424.89,5/5/2019,Canada,44.891731,-76.0289414
Gas Station,29,$33912.53,1/30/2019,Croatia,45.7307005,15.9513163
Bank,28,$27402.00,1/3/2019,China,39.9378208,116.4103205
School,30,$66961.30,1/9/2019,Japan,35.0133672,132.2241106
School,25,$16970.49,9/2/2019,Poland,50.133176,19.9262381
Hotel,26,$8567.92,12/6/2019,Philippines,14.3246136,120.8590469
Gas Station,26,$34891.80,1/3/2019,China,42.896428,130.585349
Grocery Store,10,$79266.35,2/6/2019,Indonesia,-8.7176937,115.5625434
Restaurant,30,$72529.38,1/12/2019,Afghanistan,34.26545,67.34516
Hospital,24,$42991.71,4/28/2019,United States,43.0283952,-85.7564107
Hotel,8,$71496.83,10/9/2019,Bosnia and Herzegovina,44.9690446,15.9431582
Bank,15,$31559.82,5/3/2019,Aruba,12.5092044,-70.0086306
Bank,11,$32303.34,8/3/2019,Indonesia,-1.550129,103.449501
School,18,$66251.88,2/12/2019,Democratic Republic of the Congo,-5.383454,25.7456852
Restaurant,8,$17285.36,12/11/2019,Indonesia,2.965147,99.0626377
Restaurant,28,$14615.07,12/13/2019,Indonesia,-6.6328316,111.1041635
Gas Station,19,$75051.55,11/23/2019,Ukraine,48.3226457,31.5187617
Hotel,28,$9715.97,2/16/2019,United Kingdom,52.753093,-2.941678
Bank,13,$84595.14,4/24/2019,Kazakhstan,50.4233463,80.250811
Hospital,28,$73244.52,8/30/2019,Bulgaria,42.5387912,26.6831949
Bar,15,$49537.28,1/16/2019,China,41.4642919,-74.3623566
Hotel,13,$6842.78,5/31/2019,Uruguay,-34.4979812,-56.0389343
Grocery Store,25,$69787.74,12/6/2019,Indonesia,-6.2291489,106.8548083
School,9,$92084.26,6/4/2019,Angola,-14.6594083,17.6984879
Bar,15,$80791.74,1/23/2019,China,33.755453,111.648408
School,14,$44690.88,4/25/2019,South Korea,34.6816856,126.9069278
Bank,16,$11139.73,1/30/2019,Indonesia,-7.9865988,112.4589481
Grocery Store,19,$26064.90,12/9/2019,Russia,54.1456181,45.2504398
Bar,9,$31448.26,2/4/2019,Argentina,-34.7507886,-58.2558295
Restaurant,13,$21420.83,5/1/2019,United States,36.025609,-78.9853813
Bar,12,$62520.68,12/15/2019,Czech Republic,50.1283894,15.9182326
Hotel,28,$47846.73,7/4/2019,Indonesia,-8.3693974,115.6273131
Gas Station,13,$75943.25,6/13/2019,Sweden,57.6735995,12.0098218
Bar,16,$49986.61,9/22/2019,United States,40.6681669,-73.9800645
Gas Station,16,$79928.37,11/5/2019,Russia,59.834171,30.5188521
Bar,22,$32017.37,3/28/2019,Indonesia,3.5775446,98.6684374
Grocery Store,2,$40838.86,6/29/2019,South Africa,-30.7102921,27.2382163
Hospital,5,$99319.87,11/26/2019,China,28.043337,117.043407
School,7,$89841.08,6/5/2019,Liberia,4.3759676,-7.7009416
Restaurant,3,$94144.41,9/28/2019,Syria,32.7737057,35.8852393
Hotel,8,$52792.88,8/11/2019,Indonesia,-8.6182236,115.2276614
Gas Station,18,$49762.80,10/24/2019,Canada,42.7665598,-81.1747498
Restaurant,18,$95961.02,8/26/2019,China,36.865827,116.231416
School,4,$42363.80,4/13/2019,Papua New Guinea,-6.0834773,145.3862638
Hospital,5,$56753.33,7/19/2019,China,23.5711899,119.5793157
Bar,2,$94107.28,12/5/2019,China,36.448127,116.0625588
Restaurant,13,$49707.37,1/23/2019,Indonesia,-8.5693,116.6242
Bar,6,$29678.35,2/23/2019,China,23.4464152,120.2570421
Restaurant,6,$68240.35,5/23/2019,Indonesia,-7.6752,114.0644
Gas Station,6,$68360.06,8/8/2019,Indonesia,-6.9401945,106.9247932
Hotel,6,$83105.63,8/14/2019,Czech Republic,49.6106567,18.735973
School,16,$65318.35,5/17/2019,Bulgaria,41.6338439,25.3777119
Hospital,9,$42718.74,8/5/2019,Sweden,56.0485726,12.6933337
Gas Station,20,$619.83,8/11/2019,Philippines,15.6432256,120.8898149
Bar,1,$56549.03,12/18/2019,South Korea,35.8714354,128.601445
Hotel,1,$14696.25,7/22/2019,Greece,39.3525635,21.7513868
Restaurant,26,$31824.04,1/21/2019,Sri Lanka,9.7998986,80.1489188
Restaurant,26,$6783.17,4/21/2019,Indonesia,-10.5971,121.8889
Restaurant,11,$41894.37,10/20/2019,China,24.923028,115.310042
School,20,$21191.94,10/10/2019,China,39.903307,116.649432
School,4,$51326.21,4/19/2019,Indonesia,-2.8852569,104.687936
Gas Station,26,$85227.91,6/4/2019,Philippines,14.1507357,120.878102
Grocery Store,11,$26941.91,8/16/2019,Indonesia,-4.9333,122.5167
Gas Station,22,$5044.25,6/14/2019,China,43.817071,125.323544
Restaurant,19,$40981.61,12/8/2019,Tanzania,-4.0003104,35.778497
Restaurant,7,$16816.92,3/9/2019,Indonesia,-6.2829488,107.0833701
Grocery Store,30,$49158.31,8/14/2019,Japan,36.3197441,139.7523465
Bar,22,$94513.45,3/23/2019,China,36.759507,110.632006
Gas Station,2,$23490.25,5/27/2019,Russia,52.5666667,78.9472223
Bar,17,$22525.00,10/8/2019,Botswana,-24.988061,25.3430203
Hospital,11,$37004.21,6/11/2019,Slovenia,45.4698284,13.6405292
Restaurant,21,$78645.79,11/18/2019,Spain,41.5675577,-4.883185
Bar,8,$43060.60,5/21/2019,Indonesia,-7.4726134,112.6675398
Grocery Store,8,$55487.70,8/29/2019,China,26.480043,113.778639
Gas Station,25,$60745.58,5/12/2019,Indonesia,-7.0392183,109.9020509
Bar,22,$9244.24,5/12/2019,Philippines,14.5788472,121.0143656
Restaurant,4,$9732.75,5/11/2019,China,36.909074,93.163273
Grocery Store,29,$87387.26,8/21/2019,Philippines,11.4145346,124.8469591
School,20,$70359.23,6/16/2019,Guatemala,14.6507289,-90.5128018
School,21,$11235.36,11/2/2019,Vietnam,9.4655111,105.8994956
School,19,$38009.04,4/1/2019,Indonesia,-7.7357871,108.2318208
Grocery Store,6,$9728.48,4/4/2019,China,38.669386,106.419798
Hotel,26,$59070.39,6/13/2019,Costa Rica,9.8294983,-83.8539514
Bank,5,$83999.42,11/11/2019,Argentina,-34.6091049,-58.7005845
Restaurant,13,$87779.07,5/18/2019,Brazil,-17.9659326,-49.6503106
Gas Station,4,$42942.13,3/13/2019,Brazil,-3.9148823,-60.8609358
Grocery Store,3,$85185.12,11/25/2019,Indonesia,-6.5294,106.1719
Restaurant,26,$3157.51,9/8/2019,Sri Lanka,6.9280156,79.8908308
Hotel,21,$23276.89,11/17/2019,Mongolia,45.23223,108.28245
Bar,3,$21355.63,7/16/2019,Philippines,10.5712156,122.944471
Bank,1,$76742.21,3/18/2019,China,31.12678,104.167501
Bar,4,$40894.82,6/15/2019,Greece,39.1020713,21.0837161
Bank,2,$68766.22,12/2/2019,Palestinian Territory,32.113366,35.077465
Hotel,16,$54281.48,10/1/2019,South Africa,-26.2938504,27.916505
Grocery Store,15,$32722.24,3/11/2019,Czech Republic,49.5255788,18.3904377
Grocery Store,8,$94870.27,1/6/2019,China,26.0882134,119.3010346
School,23,$38535.91,5/28/2019,Kiribati,1.968543,-157.3936469
Bar,29,$67953.21,11/30/2019,Finland,61.7644425,23.0729829
School,20,$66257.82,7/5/2019,Indonesia,-6.9480217,112.4440473
Hospital,16,$12222.61,6/21/2019,Indonesia,-6.8639965,107.6067354
Restaurant,19,$28016.38,1/19/2019,Brazil,-23.5113691,-46.872942
Hotel,17,$26677.74,12/22/2019,Philippines,14.5697429,121.0190818
Hotel,24,$25506.96,8/2/2019,China,40.505361,80.461556
Bar,24,$53469.47,8/13/2019,China,30.601966,115.438847
Hospital,11,$39087.95,12/27/2019,Poland,51.4798767,19.5308953
School,1,$92579.14,1/26/2019,Tajikistan,38.3192083,69.046356
Hospital,5,$33308.24,8/25/2019,France,48.529165,-2.7586364
Bank,24,$33446.86,10/2/2019,China,46.592721,131.164723
Bar,28,$9336.20,5/31/2019,Russia,58.4126605,51.2826021
Hospital,21,$57027.31,10/27/2019,China,32.707997,110.341615
Gas Station,7,$44070.00,3/28/2019,Kuwait,29.3664336,48.000698
Gas Station,11,$15173.60,6/26/2019,Central African Republic,4.3320676,18.5166348
School,4,$37171.16,9/21/2019,Portugal,37.1358509,-8.4528179
Bank,12,$25864.51,7/24/2019,China,40.058197,116.408772
Bar,27,$55135.78,12/13/2019,Greece,36.6759691,25.1059054
Bar,7,$92708.19,12/5/2019,Tanzania,-1.8413007,34.6690605
Hospital,2,$76333.61,8/22/2019,Philippines,14.6927846,121.1100951
Grocery Store,23,$71371.22,5/4/2019,Sweden,59.397367,16.4816867
Restaurant,10,$54741.85,9/6/2019,Peru,-14.34823,-72.121559
Hospital,5,$4350.73,11/11/2019,Russia,60.0828404,30.9877334
Restaurant,30,$38027.16,3/13/2019,Portugal,39.61335,-8.9519943
Restaurant,17,$23115.49,2/21/2019,Tanzania,-5.9640712,34.1225927
Grocery Store,1,$45127.28,10/18/2019,Indonesia,-6.7047548,111.1280093
Bar,4,$93086.87,9/29/2019,Russia,56.0184306,87.8550409
Bank,26,$95425.35,12/3/2019,Serbia,44.6711569,20.5029521
Bank,13,$8042.21,11/5/2019,Portugal,-34.5006776,-58.8072561
Restaurant,10,$75925.95,10/1/2019,Brazil,-20.019494,-48.9383824
Hotel,27,$43277.03,12/23/2019,Indonesia,-6.8013457,111.4126837
Hotel,4,$51911.13,8/2/2019,China,30.378326,111.450006
School,16,$31644.95,1/7/2019,Portugal,40.4603188,-8.72233
Hotel,21,$40016.31,8/3/2019,Kosovo,42.9107635,20.8386377
Hotel,26,$79122.15,6/9/2019,China,29.8282551,114.3213706
Bar,4,$22718.50,9/9/2019,Mozambique,-15.1266347,39.2687161
Bar,20,$33036.75,6/9/2019,China,42.972096,126.746309
School,13,$44518.65,7/24/2019,Brazil,-19.5906483,-46.9442412
Restaurant,12,$63112.26,9/16/2019,China,30.572815,104.066801
Gas Station,22,$86329.47,5/21/2019,Indonesia,-6.5816812,105.8818766
Bank,19,$65347.16,11/22/2019,France,47.3892142,0.6942885
